controller,agent,scenario,episodes,avg_queue_mean,avg_queue_std,avg_wait_mean,avg_wait_std,throughput_mean,throughput_std,phase_switches_mean,phase_switches_std,overflow_episodes,overflow_episode_rate,score_percent_mean,score_percent_std,score_percent
dqn,dqn,high_uniform,300,43.50101116624247,4.983220651431568,45.01513090559988,5.019663374842162,175.99,51.9751989351443,10.503333333333334,2.5241288219744153,300,1.0,5.232943513215371,1.3487493019214407,5.232943513215371
dqn,dqn,low_uniform,300,3.4692999999999983,0.22700263726312672,3.8617799999999987,0.24054395908893786,196.24,14.136543881362899,57.903333333333336,4.730247317831107,0,0.0,37.26214535791599,0.08477183579601623,37.26214535791599
dqn,dqn,rush_hour,300,16.018680000000007,1.9159074530961644,17.37688,1.9588243963286185,679.1,23.641341829055747,71.03333333333333,4.593024617760434,0,0.0,11.039748648195543,1.1786407873985492,11.039748648195543
dqn,dqn,uneven,300,15.576813333333332,1.9595358142119996,16.945919999999997,2.0049004362972456,684.5533333333333,24.548099441222416,69.70333333333333,5.130600917514915,0,0.0,18.608166621720414,0.4762215713712583,18.608166621720414
dqn,dqn,uniform_medium,300,11.001273333333337,1.111163224279942,12.17956,1.1537517888904414,589.1433333333333,23.157800730447747,88.80333333333333,4.193240565922877,0,0.0,24.80853582214404,0.09355078933779766,24.80853582214404
fixed_time,fixed_time,high_uniform,300,53.547802741605636,8.218456338222326,54.80280160698908,8.389800277889542,128.91333333333333,64.22956702190689,3.933333333333333,1.6567149938331351,300,1.0,0.0,0.0,0.0
fixed_time,fixed_time,low_uniform,300,10.560793333333336,1.0393723974386726,10.93736,1.0606682015815099,188.28333333333333,13.489363661623946,22.0,0.0,0,0.0,0.0,0.0,0.0
fixed_time,fixed_time,rush_hour,300,37.20978325669928,5.816454859828183,38.15210756650431,5.964099827991949,168.20333333333335,161.34357072700072,6.8133333333333335,5.675608395383529,294,0.98,0.0,0.0,0.0
fixed_time,fixed_time,uneven,300,38.49872994457582,5.2731241010068635,39.48182391160946,5.404938618352863,187.14333333333335,114.70122358193422,7.6433333333333335,4.033653027307207,297,0.99,0.0,0.0,0.0
fixed_time,fixed_time,uniform_medium,300,35.544053720397265,2.081076525738141,36.67146210847975,2.1200462335957626,562.26,34.17110790396787,21.936666666666667,0.857383174889833,2,0.006666666666666667,0.0,0.0,0.0
q_learning,q_learning,high_uniform,300,48.79273754260562,4.526118597809712,50.257807335184054,4.55175905870651,179.35333333333332,52.57943653218779,8.65,2.38743225577601,300,1.0,2.7065013186901674,0.8822752686162937,2.7065013186901674
q_learning,q_learning,low_uniform,300,8.178986666666665,0.6535219426978056,8.562493333333336,0.6676607167801073,191.75333333333333,14.234508291821038,27.74,2.3188337513834822,0,0.0,15.466207334740284,0.5139168850263047,15.466207334740284
q_learning,q_learning,rush_hour,300,23.79710320942694,2.126297511450055,25.136432728074748,2.1622927945066666,666.76,35.772540430187945,50.373333333333335,3.0744315441972936,6,0.02,23.413105575825412,0.5418267037044783,23.413105575825412
q_learning,q_learning,uneven,300,23.046573333333317,2.1249633366002354,24.399526666666674,2.165888474869871,676.4766666666667,24.664222437579305,51.943333333333335,1.9180856072862031,0,0.0,25.66945296150153,0.23321632369373027,25.66945296150153
q_learning,q_learning,uniform_medium,300,18.836289302325596,2.0032500193576883,19.996908062015528,2.007152034735246,579.4766666666667,35.13408794901212,52.47,3.3275630099645435,1,0.0033333333333333335,23.683971886707695,0.25970270426915215,23.683971886707695
sarsa,sarsa,high_uniform,300,46.362959220884214,5.51355250377988,47.88730993672605,5.567577945701746,179.33,53.51136315421307,10.613333333333333,2.315533315965614,300,1.0,1.2587729424786336,0.7651378803566197,1.2587729424786336
sarsa,sarsa,low_uniform,300,7.629953333333341,0.4111690623270903,8.014346666666663,0.4255407574797942,192.19666666666666,14.139699166907953,37.67,3.958957499343147,0,0.0,15.08338349943134,0.35244615760035414,15.08338349943134
sarsa,sarsa,rush_hour,300,22.67116681961314,2.130269056877938,24.01381022941972,2.1687952290668497,668.1366666666667,51.204795600906934,55.94,4.12469518484614,2,0.006666666666666667,17.789322606940157,0.7360703322377403,17.789322606940157
sarsa,sarsa,uneven,300,22.44819333333332,2.125658310610412,23.801875151515162,2.1682852929294034,675.67,33.75785948372727,55.7,2.474620338435371,1,0.0033333333333333335,21.894710470314113,0.44373702160834044,21.894710470314113
sarsa,sarsa,uniform_medium,300,17.224546666666665,1.2175825249948353,18.390153333333366,1.2565849416337485,582.8033333333333,23.588543550737484,60.57333333333333,1.3230484039341621,0,0.0,23.674460578377747,0.24308271968706485,23.674460578377747
