timestep,agent,scenario,action,reward,cumulative_reward,current_phase,current_direction,phase_timer,is_yellow,departed,total_queue,throughput,cumulative_throughput,waiting_time,phase_switch,switch_count,overflow,north_queue,south_queue,east_queue,west_queue
1,fixed_time,uniform_medium,0,-0.01915643122447791,-0.01915643122447791,0,north,1,False,1,1,1,1,2,False,0,False,0,0,1,0
2,fixed_time,uniform_medium,0,-0.5180094287776706,-0.5371658600021485,0,north,2,False,0,2,0,1,2,False,0,False,0,0,1,1
3,fixed_time,uniform_medium,0,-0.534871855108534,-1.0720377151106826,0,north,3,False,0,3,0,1,3,False,0,False,0,0,2,1
4,fixed_time,uniform_medium,0,-1.5540282863330117,-2.6260660014436943,0,north,4,False,0,6,0,1,6,False,0,False,0,1,3,2
5,fixed_time,uniform_medium,0,0.38081601323714936,-2.245249988206545,0,north,5,False,1,6,1,2,7,False,0,False,0,1,3,2
6,fixed_time,uniform_medium,0,-0.6023215604319874,-2.8475715486385322,0,north,6,False,0,7,0,2,7,False,0,False,0,1,3,3
7,fixed_time,uniform_medium,0,-1.6214779916564652,-4.469049540294997,0,north,7,False,0,10,0,2,10,False,0,False,0,3,3,4
8,fixed_time,uniform_medium,0,-0.1686242633086334,-4.63767380360363,0,north,8,False,0,10,0,2,10,False,0,False,0,3,3,4
9,fixed_time,uniform_medium,0,0.7953568791360254,-3.842316924467605,0,north,9,False,2,10,2,4,12,False,0,False,0,3,3,4
10,fixed_time,uniform_medium,0,0.313366307913696,-3.528950616553909,0,north,10,False,1,10,1,5,11,False,0,False,0,3,3,4
11,fixed_time,uniform_medium,0,-0.6697712657554407,-4.19872188230935,0,north,11,False,0,11,0,5,11,False,0,False,0,3,3,5
12,fixed_time,uniform_medium,0,-0.18548668963949674,-4.384208571948847,0,north,12,False,0,11,0,5,11,False,0,False,0,3,3,5
13,fixed_time,uniform_medium,0,-0.18548668963949674,-4.569695261588343,0,north,13,False,0,11,0,5,11,False,0,False,0,3,3,5
14,fixed_time,uniform_medium,0,-0.6866336920863041,-5.256328953674648,0,north,14,False,0,12,0,5,12,False,0,False,0,3,4,5
15,fixed_time,uniform_medium,0,0.2796414552519693,-4.976687498422678,0,north,15,False,1,12,1,6,13,False,0,False,0,3,4,5
16,fixed_time,uniform_medium,0,-0.2023491159703601,-5.179036614393039,0,north,16,False,0,12,0,6,12,False,0,False,0,3,4,5
17,fixed_time,uniform_medium,0,-0.221505547194838,-5.400542161587877,0,north,17,False,1,13,1,7,14,False,0,False,0,3,5,5
18,fixed_time,uniform_medium,0,-0.7203585447480307,-6.120900706335908,0,north,18,False,0,14,0,7,14,False,0,False,0,4,5,5
19,fixed_time,uniform_medium,0,-0.23607396863208677,-6.3569746749679945,0,north,19,False,0,14,0,7,14,False,0,False,0,4,5,5
20,fixed_time,uniform_medium,0,-0.7372209710788941,-7.094195646046889,0,north,20,False,0,15,0,7,15,False,0,False,0,5,5,5
21,fixed_time,uniform_medium,1,-1.5040833974097574,-8.598279043456646,0,north,20,True,0,16,0,7,16,True,1,False,0,5,5,6
22,fixed_time,uniform_medium,1,-1.272092826187428,-9.870371869644075,1,south,0,True,0,18,0,7,18,False,1,False,1,6,5,6
23,fixed_time,uniform_medium,1,1.161604470935926,-8.708767398708149,1,south,1,False,2,17,2,9,19,False,1,False,1,4,6,6
24,fixed_time,uniform_medium,1,0.1761728923731748,-8.532594506334974,1,south,2,False,2,18,2,11,20,False,1,False,2,3,6,7
25,fixed_time,uniform_medium,1,0.6604574684891187,-7.872137037845855,1,south,3,False,2,18,2,13,20,False,1,False,3,1,6,8
26,fixed_time,uniform_medium,1,0.6796138997135965,-7.192523138132258,1,south,4,False,1,17,1,14,18,False,1,False,3,0,6,8
27,fixed_time,uniform_medium,1,-0.28666124762467676,-7.479184385756935,1,south,5,False,0,17,0,14,17,False,1,False,3,0,6,8
28,fixed_time,uniform_medium,1,0.1953293235976526,-7.283855062159282,1,south,6,False,1,17,1,15,18,False,1,False,3,0,6,8
29,fixed_time,uniform_medium,1,-0.30581767884915473,-7.589672741008437,1,south,7,False,1,18,1,16,19,False,1,False,3,0,7,8
30,fixed_time,uniform_medium,1,-0.8046706764023475,-8.394343417410784,1,south,8,False,0,19,0,16,19,False,1,False,3,0,7,9
31,fixed_time,uniform_medium,1,-0.32038610028640346,-8.714729517697188,1,south,9,False,0,19,0,16,19,False,1,False,3,0,7,9
32,fixed_time,uniform_medium,1,-0.32038610028640346,-9.035115617983593,1,south,10,False,0,19,0,16,19,False,1,False,3,0,7,9
33,fixed_time,uniform_medium,1,-0.3395425315108814,-9.374658149494474,1,south,11,False,1,20,1,17,21,False,1,False,4,0,7,9
34,fixed_time,uniform_medium,1,0.12558561338058472,-9.24907253611389,1,south,12,False,2,21,2,19,23,False,1,False,5,0,7,9
35,fixed_time,uniform_medium,1,-0.8552579553949374,-10.104330491508827,1,south,13,False,0,22,0,19,22,False,1,False,6,0,7,9
36,fixed_time,uniform_medium,1,0.11101719194333592,-9.993313299565491,1,south,14,False,1,22,1,20,23,False,1,False,6,0,7,9
37,fixed_time,uniform_medium,1,-2.87670839151303,-12.87002169107852,1,south,15,False,0,27,0,20,27,False,1,False,7,0,9,11
38,fixed_time,uniform_medium,1,-1.958726518273732,-14.828748209352252,1,south,16,False,0,30,0,20,30,False,1,False,7,0,10,13
39,fixed_time,uniform_medium,1,-1.0070197923727076,-15.83576800172496,1,south,17,False,0,31,0,20,31,False,1,False,7,0,11,13
40,fixed_time,uniform_medium,1,-0.040744645034434146,-15.876512646759394,1,south,18,False,1,31,1,21,32,False,1,False,7,0,11,13
41,fixed_time,uniform_medium,1,-0.5227352162567636,-16.399247863016157,1,south,19,False,0,31,0,21,31,False,1,False,7,0,11,13
42,fixed_time,uniform_medium,1,-0.5227352162567636,-16.92198307927292,1,south,20,False,0,31,0,21,31,False,1,False,7,0,11,13
43,fixed_time,uniform_medium,2,-2.275029221150378,-19.197012300423296,1,south,20,True,0,33,0,21,33,True,2,False,8,0,12,13
44,fixed_time,uniform_medium,2,-1.0576070713652974,-20.254619371788593,2,east,0,True,0,34,0,21,34,False,2,False,8,0,13,13
45,fixed_time,uniform_medium,2,-1.6139293625919238,-21.868548734380518,2,east,1,False,2,38,2,23,40,False,2,False,9,3,12,14
46,fixed_time,uniform_medium,2,-0.17793806057495531,-22.046486794955474,2,east,2,False,2,39,2,25,41,False,2,False,10,5,10,14
47,fixed_time,uniform_medium,2,-0.19480048690581875,-22.241287281861293,2,east,3,False,2,40,2,27,42,False,2,False,11,6,9,14
48,fixed_time,uniform_medium,2,0.7906310916569326,-21.45065619020436,2,east,4,False,2,39,2,29,41,False,2,False,11,7,7,14
49,fixed_time,uniform_medium,2,0.3063465155409886,-21.144309674663372,2,east,5,False,2,39,2,31,41,False,2,False,12,8,5,14
50,fixed_time,uniform_medium,2,0.3063465155409886,-20.837963159122385,2,east,6,False,2,39,2,33,41,False,2,False,13,8,3,15
51,fixed_time,uniform_medium,2,1.308640520434603,-19.52932263868778,2,east,7,False,2,37,2,35,39,False,2,False,13,8,1,15
52,fixed_time,uniform_medium,2,-0.1419192030196142,-19.671241841707396,2,east,8,False,1,37,1,36,38,False,2,False,13,9,0,15
53,fixed_time,uniform_medium,2,-0.6239097742419436,-20.29515161594934,2,east,9,False,0,37,0,36,37,False,2,False,13,9,0,15
54,fixed_time,uniform_medium,2,-0.6239097742419436,-20.919061390191285,2,east,10,False,0,37,0,36,37,False,2,False,13,9,0,15
55,fixed_time,uniform_medium,2,-1.125056776688751,-22.044118166880036,2,east,11,False,0,38,0,36,38,False,2,False,13,9,0,16
56,fixed_time,uniform_medium,2,-0.6407722005728069,-22.684890367452844,2,east,12,False,0,38,0,36,38,False,2,False,13,9,0,16
57,fixed_time,uniform_medium,2,-0.6599286317972848,-23.34481899925013,2,east,13,False,1,39,1,37,40,False,2,False,13,9,0,17
58,fixed_time,uniform_medium,2,-1.1587816293504776,-24.50360062860061,2,east,14,False,0,40,0,37,40,False,2,False,14,9,0,17
59,fixed_time,uniform_medium,2,-0.6744970532345336,-25.17809768183514,2,east,15,False,0,40,0,37,40,False,2,False,14,9,0,17
60,fixed_time,uniform_medium,2,-1.1756440556813408,-26.353741737516483,2,east,16,False,0,41,0,37,41,False,2,False,14,9,0,18
61,fixed_time,uniform_medium,2,-1.1925064820122042,-27.546248219528685,2,east,17,False,0,42,0,37,42,False,2,False,15,9,0,18
62,fixed_time,uniform_medium,2,-0.7082219058962603,-28.254470125424945,2,east,18,False,0,42,0,37,42,False,2,False,15,9,0,18
63,fixed_time,uniform_medium,2,-2.7128099156834895,-30.967280041108435,2,east,19,False,0,46,0,37,46,False,2,False,16,12,0,18
64,fixed_time,uniform_medium,2,-1.276818613666521,-32.24409865477496,2,east,20,False,0,47,0,37,47,False,2,False,16,12,0,19
65,fixed_time,uniform_medium,3,-2.5448280424441916,-34.78892669721915,2,east,20,True,0,49,0,37,49,True,3,False,16,12,1,20
66,fixed_time,uniform_medium,3,-0.8262588902123037,-35.615185587431455,3,west,0,True,0,49,0,37,49,False,3,False,16,12,1,20
67,fixed_time,uniform_medium,3,-0.3634247502144522,-35.978610337645904,3,west,1,False,2,50,2,39,52,False,3,False,18,12,1,19
68,fixed_time,uniform_medium,3,0.1208598259014918,-35.85775051174441,3,west,2,False,2,50,2,41,52,False,3,False,18,13,1,18
69,fixed_time,uniform_medium,3,0.6220068283482991,-35.235743683396116,3,west,3,False,2,49,2,43,51,False,3,False,18,13,2,16
70,fixed_time,uniform_medium,3,-0.3634247502144522,-35.599168433610565,3,west,4,False,2,50,2,45,52,False,3,False,18,14,2,16
71,fixed_time,uniform_medium,3,-1.3825811814389297,-36.981749615049495,3,west,5,False,2,53,2,47,55,False,3,False,20,15,2,16
72,fixed_time,uniform_medium,3,0.571419549355709,-36.410330065693785,3,west,6,False,2,52,2,49,54,False,3,False,20,15,2,15
73,fixed_time,uniform_medium,3,-0.4140120292070423,-36.82434209490083,3,west,7,False,2,53,2,51,55,False,3,False,21,17,2,13
74,fixed_time,uniform_medium,3,0.571419549355709,-36.25292254554512,3,west,8,False,2,52,2,53,54,False,3,False,22,17,2,11
75,fixed_time,uniform_medium,3,0.5882819756865725,-35.66464056985855,3,west,9,False,2,51,2,55,53,False,3,False,22,17,2,10
76,fixed_time,uniform_medium,3,0.6051444020174357,-35.05949616784111,3,west,10,False,2,50,2,57,52,False,3,False,22,17,3,8
77,fixed_time,uniform_medium,3,0.6220068283482991,-34.437489339492814,3,west,11,False,2,49,2,59,51,False,3,False,22,17,4,6
78,fixed_time,uniform_medium,3,1.1400162571259695,-33.29747308236684,3,west,12,False,2,47,2,61,49,False,3,False,22,17,4,4
79,fixed_time,uniform_medium,3,0.672594107340889,-32.62487897502595,3,west,13,False,2,46,2,63,48,False,3,False,22,18,4,2
80,fixed_time,uniform_medium,3,0.1883095312249451,-32.436569443801005,3,west,14,False,2,46,2,65,48,False,3,False,23,19,4,0
81,fixed_time,uniform_medium,3,-1.7779656161133284,-34.21453505991433,3,west,15,False,0,48,0,65,48,False,3,False,24,20,4,0
82,fixed_time,uniform_medium,3,-0.8285528951059182,-35.04308795502025,3,west,16,False,1,49,1,66,50,False,3,False,24,20,5,0
83,fixed_time,uniform_medium,3,-0.8454153214367814,-35.88850327645703,3,west,17,False,1,50,1,67,51,False,3,False,24,20,6,0
84,fixed_time,uniform_medium,3,-1.8454153214367817,-37.73391859789381,3,west,18,False,0,52,0,67,52,False,3,False,25,20,7,0
85,fixed_time,uniform_medium,3,-1.879140174098508,-39.61305877199232,3,west,19,False,0,54,0,67,54,False,3,False,25,20,9,0
86,fixed_time,uniform_medium,3,-1.912865026760235,-41.52592379875256,3,west,20,False,0,56,0,67,56,False,3,False,26,20,10,0
87,fixed_time,uniform_medium,0,-3.6988838843155762,-45.224807683068136,3,west,20,True,0,60,0,67,60,True,4,False,27,20,10,3
88,fixed_time,uniform_medium,0,-2.515186587192222,-47.739994270260354,0,north,0,True,0,63,0,67,63,False,4,False,27,20,11,5
89,fixed_time,uniform_medium,0,0.4027952860470757,-47.33719898421328,0,north,1,False,2,62,2,69,64,False,4,False,25,21,11,5
90,fixed_time,uniform_medium,0,0.41965771237793914,-46.91754127183534,0,north,2,False,2,61,2,71,63,False,4,False,23,22,11,5
91,fixed_time,uniform_medium,0,-0.5657738661848123,-47.48331513802015,0,north,3,False,2,62,2,73,64,False,4,False,22,23,12,5
92,fixed_time,uniform_medium,0,-1.0837832949624828,-48.56709843298263,0,north,4,False,2,64,2,75,66,False,4,False,20,25,12,7
93,fixed_time,uniform_medium,0,-0.6163611451774024,-49.18345957816003,0,north,5,False,2,65,2,77,67,False,4,False,19,25,14,7
94,fixed_time,uniform_medium,0,0.36907043338534906,-48.81438914477469,0,north,6,False,2,64,2,79,66,False,4,False,17,26,14,7
95,fixed_time,uniform_medium,0,-0.11521414273059494,-48.92960328750528,0,north,7,False,2,64,2,81,66,False,4,False,16,26,14,8
96,fixed_time,uniform_medium,0,-1.6186551500710165,-50.548258437576294,0,north,8,False,2,67,2,83,69,False,4,False,14,26,16,11
97,fixed_time,uniform_medium,0,-0.16580142172318502,-50.71405985929948,0,north,9,False,2,67,2,85,69,False,4,False,12,27,17,11
98,fixed_time,uniform_medium,0,0.8364925831704295,-49.87756727612905,0,north,10,False,2,65,2,87,67,False,4,False,10,27,17,11
99,fixed_time,uniform_medium,0,0.36907043338534906,-49.5084968427437,0,north,11,False,2,64,2,89,66,False,4,False,8,27,17,12
100,fixed_time,uniform_medium,0,0.3859328597162123,-49.12256398302749,0,north,12,False,2,63,2,91,65,False,4,False,6,27,18,12
101,fixed_time,uniform_medium,0,0.4027952860470757,-48.71976869698042,0,north,13,False,2,62,2,93,64,False,4,False,4,27,18,13
102,fixed_time,uniform_medium,0,-0.08148929006886829,-48.80125798704928,0,north,14,False,2,62,2,95,64,False,4,False,2,28,18,14
103,fixed_time,uniform_medium,0,0.9208047148247462,-47.880453272224536,0,north,15,False,2,60,2,97,62,False,4,False,0,28,18,14
104,fixed_time,uniform_medium,0,-2.515186587192222,-50.39563985941676,0,north,16,False,0,63,0,97,63,False,4,False,0,28,19,16
105,fixed_time,uniform_medium,0,-2.565773866184812,-52.961413725601574,0,north,17,False,0,66,0,97,66,False,4,False,0,29,20,17
106,fixed_time,uniform_medium,0,-2.115214142730595,-55.07662786833217,0,north,18,False,0,68,0,97,68,False,4,False,0,29,20,19
107,fixed_time,uniform_medium,0,-1.146644990498707,-56.223272858830875,0,north,19,False,0,68,0,97,68,False,4,False,0,29,20,19
108,fixed_time,uniform_medium,0,-1.6669484241699921,-57.89022128300087,0,north,20,False,1,70,1,98,71,False,4,False,0,29,21,20
109,fixed_time,uniform_medium,1,-2.4315168456072414,-60.32173812860811,0,north,20,True,0,71,0,98,71,True,5,False,0,29,22,20
110,fixed_time,uniform_medium,1,-1.1972322694912971,-61.518970398099405,1,south,0,True,0,71,0,98,71,False,5,False,0,29,22,20
111,fixed_time,uniform_medium,1,0.2678958754001689,-61.251074522699234,1,south,1,False,2,70,2,100,72,False,5,False,0,27,23,20
112,fixed_time,uniform_medium,1,0.7859053041778397,-60.465169218521396,1,south,2,False,2,68,2,102,70,False,5,False,0,25,23,20
113,fixed_time,uniform_medium,1,-1.184957852947663,-61.65012707146906,1,south,3,False,2,70,2,104,72,False,5,False,1,24,25,20
114,fixed_time,uniform_medium,1,-0.2163887007157751,-61.86651577218483,1,south,4,False,2,70,2,106,72,False,5,False,1,23,26,20
115,fixed_time,uniform_medium,1,0.28475830173103234,-61.5817574704538,1,south,5,False,2,69,2,108,71,False,5,False,2,21,26,20
116,fixed_time,uniform_medium,1,0.8027677305087029,-60.7789897399451,1,south,6,False,2,67,2,110,69,False,5,False,2,19,26,20
117,fixed_time,uniform_medium,1,0.3353455807236224,-60.44364415922147,1,south,7,False,2,66,2,112,68,False,5,False,3,17,26,20
118,fixed_time,uniform_medium,1,0.35220800705448563,-60.091436152166985,1,south,8,False,2,65,2,114,67,False,5,False,3,15,27,20
119,fixed_time,uniform_medium,1,0.36907043338534906,-59.72236571878164,1,south,9,False,2,64,2,116,66,False,5,False,3,13,27,21
120,fixed_time,uniform_medium,1,-0.6163611451774024,-60.33872686395904,1,south,10,False,2,65,2,118,67,False,5,False,4,11,28,22
121,fixed_time,uniform_medium,1,0.36907043338534906,-59.96965643057369,1,south,11,False,2,64,2,120,66,False,5,False,4,10,28,22
122,fixed_time,uniform_medium,1,0.8870798621630196,-59.08257656841067,1,south,12,False,2,62,2,122,64,False,5,False,4,8,28,22
123,fixed_time,uniform_medium,1,-0.08148929006886829,-59.16406585847954,1,south,13,False,2,62,2,124,64,False,5,False,4,6,29,23
124,fixed_time,uniform_medium,1,0.9208047148247462,-58.24326114365479,1,south,14,False,2,60,2,126,62,False,5,False,4,4,29,23
125,fixed_time,uniform_medium,1,0.9545295674864729,-57.28873157616832,1,south,15,False,2,58,2,128,60,False,5,False,4,2,29,23
126,fixed_time,uniform_medium,1,0.48710741770139243,-56.80162415846692,1,south,16,False,2,57,2,130,59,False,5,False,5,0,29,23
127,fixed_time,uniform_medium,1,-0.9611583008592104,-57.76278245932613,1,south,17,False,0,57,0,130,57,False,5,False,5,0,29,23
128,fixed_time,uniform_medium,1,-1.4623053033060176,-59.22508776263215,1,south,18,False,0,58,0,130,58,False,5,False,6,0,29,23
129,fixed_time,uniform_medium,1,-0.9780207271900737,-60.20310848982222,1,south,19,False,0,58,0,130,58,False,5,False,6,0,29,23
130,fixed_time,uniform_medium,1,-0.9780207271900737,-61.18112921701229,1,south,20,False,0,58,0,130,58,False,5,False,6,0,29,23
131,fixed_time,uniform_medium,2,-2.229167729636881,-63.41029694664917,1,south,20,True,0,59,0,130,59,True,6,False,6,0,30,23
132,fixed_time,uniform_medium,2,-0.994883153520937,-64.4051801001701,2,east,0,True,0,59,0,130,59,False,6,False,6,0,30,23
133,fixed_time,uniform_medium,2,0.9713919938173363,-63.433788106352765,2,east,1,False,2,57,2,132,59,False,6,False,6,0,28,23
134,fixed_time,uniform_medium,2,0.0028228415854484323,-63.430965264767316,2,east,2,False,2,57,2,134,59,False,6,False,6,0,27,24
135,fixed_time,uniform_medium,2,0.5039698440322558,-62.92699542073506,2,east,3,False,2,56,2,136,58,False,6,False,7,0,25,24
136,fixed_time,uniform_medium,2,-0.48146173453049557,-63.40845715526556,2,east,4,False,2,57,2,138,59,False,6,False,9,1,23,24
137,fixed_time,uniform_medium,2,0.5039698440322558,-62.904487311233304,2,east,5,False,2,56,2,140,58,False,6,False,9,2,21,24
138,fixed_time,uniform_medium,2,0.520832270363119,-62.38365504087018,2,east,6,False,2,55,2,142,57,False,6,False,9,3,19,24
139,fixed_time,uniform_medium,2,1.0388416991407896,-61.34481334172939,2,east,7,False,2,53,2,144,55,False,6,False,9,3,17,24
140,fixed_time,uniform_medium,2,0.571419549355709,-60.77339379237368,2,east,8,False,2,52,2,146,54,False,6,False,10,3,15,24
141,fixed_time,uniform_medium,2,1.0894289781333797,-59.683964814240305,2,east,9,False,2,50,2,148,52,False,6,False,10,3,13,24
142,fixed_time,uniform_medium,2,-0.3802871765453154,-60.06425199078562,2,east,10,False,2,51,2,150,53,False,6,False,12,4,11,24
143,fixed_time,uniform_medium,2,0.10399739957062848,-59.96025459121499,2,east,11,False,2,51,2,152,53,False,6,False,12,4,9,26
144,fixed_time,uniform_medium,2,1.1062914044642431,-58.85396318675075,2,east,12,False,2,49,2,154,51,False,6,False,12,4,7,26
145,fixed_time,uniform_medium,2,1.1400162571259695,-57.713946929624775,2,east,13,False,2,47,2,156,49,False,6,False,12,4,5,26
146,fixed_time,uniform_medium,2,1.1737411097876964,-56.54020581983708,2,east,14,False,2,45,2,158,47,False,6,False,12,4,3,26
147,fixed_time,uniform_medium,2,0.20517195755580853,-56.33503386228127,2,east,15,False,2,45,2,160,47,False,6,False,13,4,1,27
148,fixed_time,uniform_medium,2,-0.7779656161133282,-57.1129994783946,2,east,16,False,1,46,1,161,47,False,6,False,13,5,0,28
149,fixed_time,uniform_medium,2,-0.7948280424441916,-57.907827520838794,2,east,17,False,1,47,1,162,48,False,6,False,13,6,0,28
150,fixed_time,uniform_medium,2,-1.2936810399973844,-59.201508560836174,2,east,18,False,0,48,0,162,48,False,6,False,14,6,0,28
151,fixed_time,uniform_medium,2,-0.8093964638814404,-60.010905024717616,2,east,19,False,0,48,0,162,48,False,6,False,14,6,0,28
152,fixed_time,uniform_medium,2,-1.3105434663282476,-61.321448491045864,2,east,20,False,0,49,0,162,49,False,6,False,14,6,0,29
153,fixed_time,uniform_medium,3,-2.077405892659111,-63.39885438370497,2,east,20,True,0,50,0,162,50,True,7,False,14,6,0,30
154,fixed_time,uniform_medium,3,-0.843121316543167,-64.24197570024813,3,west,0,True,0,50,0,162,50,False,7,False,14,6,0,30
155,fixed_time,uniform_medium,3,0.6220068283482991,-63.619968871899836,3,west,1,False,2,49,2,164,51,False,7,False,15,6,0,28
156,fixed_time,uniform_medium,3,1.1400162571259695,-62.479952614773865,3,west,2,False,2,47,2,166,49,False,7,False,15,6,0,26
157,fixed_time,uniform_medium,3,0.672594107340889,-61.80735850743297,3,west,3,False,2,46,2,168,48,False,7,False,15,7,0,24
158,fixed_time,uniform_medium,3,1.1906035361185596,-60.616754971314414,3,west,4,False,2,44,2,170,46,False,7,False,15,7,0,22
159,fixed_time,uniform_medium,3,-0.2791126185601355,-60.89586758987455,3,west,5,False,2,45,2,172,47,False,7,False,16,8,0,21
160,fixed_time,uniform_medium,3,1.207465962449423,-59.68840162742512,3,west,6,False,2,43,2,174,45,False,7,False,16,8,0,19
