stage,reward_id,agent,formula,comment,base_reward_type,w1,w2,w3,w4,episodes,mean_cumulative_reward,mean_average_queue_length,mean_average_waiting_time,mean_total_throughput,mean_phase_switches,avg_queue,avg_wait,throughput,phase_switches,overflow_episodes,mean_abs_queue_delta,mean_total_waiting_time,mean_throughput_component,mean_total_queue_component,mean_max_red_queue_component,mean_switch_component,queue_improvement,wait_improvement,throughput_improvement,switch_penalty_score,raw_score,score_percent
B,B0,q_learning,winner_reward - 0.00 * switched,Stage A winner with no added switch penalty.,R7,0.4850090500006374,0.016853237357850007,0.4981377126415127,0.0,300,121.1832496991614,17.80229999999999,18.966240000000006,581.97,64.15,17.80229999999999,18.966240000000006,581.97,64.15,0,1.0877,18.96624,1.16394,17.8023,7.919973333333333,0.1283,0.4991482924249582,0.48280655012077267,0.0350549567815602,1.924327609785747,0.2073601673960297,20.73601673960297
B,B0,sarsa,winner_reward - 0.00 * switched,Stage A winner with no added switch penalty.,R7,0.4850090500006374,0.016853237357850007,0.4981377126415127,0.0,300,126.32250683663983,17.278419999999993,18.443860000000008,582.72,68.29333333333334,17.278419999999993,18.443860000000008,582.72,68.29333333333334,0,1.09492,18.44386,1.16544,17.27842,7.45572,0.13658666666666666,0.5138871852963518,0.4970514143821081,0.036388859246611956,2.1132046801397966,0.20033274370672668,20.033274370672668
B,R9,q_learning,winner_reward - 0.10 * switched,Winner reward with very small switch penalty.,R7,0.4850090500006374,0.016853237357850007,0.4981377126415127,0.1,300,111.21063275436771,18.173226666666658,19.336353333333342,581.5633333333334,64.54,18.173226666666658,19.336353333333342,581.5633333333334,64.54,0,1.0863533333333333,19.336353333333335,1.1631266666666666,18.173226666666668,8.148106666666667,0.12908,0.48871260409338757,0.47271387008967697,0.03433168522273219,1.9421060629083728,0.19722632042693494,19.722632042693494
B,R9,sarsa,winner_reward - 0.10 * switched,Winner reward with very small switch penalty.,R7,0.4850090500006374,0.016853237357850007,0.4981377126415127,0.1,300,121.07765803253655,17.10787635327635,18.273159031339024,582.5166666666667,65.84,17.10787635327635,18.273159031339024,582.5166666666667,65.84,1,1.087858743198549,18.272598154272913,1.165281926811053,17.107316227461858,7.380181105302465,0.1317080977275152,0.5186852774910464,0.5017062865591712,0.03602722346719785,2.001367573317125,0.2152253129818141,21.52253129818141
B,R10,q_learning,winner_reward - 0.25 * switched,Winner reward with small switch penalty.,R7,0.4850090500006374,0.016853237357850007,0.4981377126415127,0.25,300,101.52367816728807,18.2818,19.445186666666658,581.6933333333334,61.406666666666666,18.2818,19.445186666666658,581.6933333333334,61.406666666666666,0,1.0843733333333334,19.445186666666668,1.1633866666666666,18.2818,8.220433333333334,0.12281333333333333,0.48565799095929146,0.4697460764137289,0.03456289498334115,1.7992706275641999,0.20914714318945643,20.91471431894564
B,R10,sarsa,winner_reward - 0.25 * switched,Winner reward with small switch penalty.,R7,0.4850090500006374,0.016853237357850007,0.4981377126415127,0.25,300,115.60277684842261,16.62697333333332,17.792713333333335,582.87,65.41666666666667,16.62697333333332,17.792713333333335,582.87,65.41666666666667,0,1.08914,17.79271333333333,1.16574,16.626973333333332,7.1717933333333335,0.13083333333333333,0.5322150516616008,0.5148076375929657,0.03665563973962226,1.9820695942865827,0.22793324422109273,22.793324422109272
B,R11,q_learning,winner_reward - 0.50 * switched,Winner reward with medium switch penalty.,R7,0.4850090500006374,0.016853237357850007,0.4981377126415127,0.5,300,80.41285553761713,19.152553333333326,20.313466666666674,580.4566666666667,55.86,19.152553333333326,20.313466666666674,580.4566666666667,55.86,0,1.0746466666666667,20.313466666666667,1.1609133333333332,19.152553333333334,8.72446,0.11172,0.46116012866752826,0.4460688094034441,0.032363438029855786,1.546421516486856,0.21472211118567452,21.47221111856745
B,R11,sarsa,winner_reward - 0.50 * switched,Winner reward with medium switch penalty.,R7,0.4850090500006374,0.016853237357850007,0.4981377126415127,0.5,300,101.59716903271965,16.519553333333338,17.686280000000004,583.3633333333333,63.483333333333334,16.519553333333338,17.686280000000004,583.3633333333333,63.483333333333334,0,1.08654,17.68628,1.1667266666666667,16.519553333333334,7.22288,0.12696666666666667,0.5352372167991225,0.5177099852827983,0.03753305113885632,1.893937091627412,0.23929178189779837,23.929178189779837
B,R12,q_learning,winner_reward - 1.00 * switched,Winner reward with strong switch penalty.,R7,0.4850090500006374,0.016853237357850007,0.4981377126415127,1.0,300,49.32730790849448,19.950306666666666,21.109826666666653,579.76,51.62,19.950306666666666,21.109826666666653,579.76,51.62,0,1.07096,21.109826666666667,1.15952,19.950306666666666,8.993266666666667,0.10324,0.4387160557542707,0.42435274044376575,0.031124390851207627,1.353137820999848,0.21613861454947136,21.613861454947138
B,R12,sarsa,winner_reward - 1.00 * switched,Winner reward with strong switch penalty.,R7,0.4850090500006374,0.016853237357850007,0.4981377126415127,1.0,300,69.40981613659126,16.917093333333323,18.08317333333332,583.04,60.266666666666666,16.917093333333323,18.08317333333332,583.04,60.266666666666666,0,1.08308,18.083173333333335,1.16608,16.917093333333334,7.398873333333333,0.12053333333333334,0.5240527862575983,0.5068870371232936,0.036957990965033924,1.7473028415134477,0.24503724339401878,24.503724339401877
B,R13,q_learning,winner_reward - 1.25 * switched,Winner reward with extra strong switch penalty.,R7,0.4850090500006374,0.016853237357850007,0.4981377126415127,1.25,300,9.730765562782263,23.70182820222632,24.85108430119839,572.1166666666667,43.763333333333335,23.70182820222632,24.85108430119839,572.1166666666667,43.763333333333335,3,1.0661937108940607,24.832395460696436,1.1497983573830675,23.68259710331337,10.98802872569905,0.08795235607004569,0.333170369686201,0.32233178410816804,0.017530442618480212,0.9949855645038748,0.1662083935910562,16.62083935910562
B,R13,sarsa,winner_reward - 1.25 * switched,Winner reward with extra strong switch penalty.,R7,0.4850090500006374,0.016853237357850007,0.4981377126415127,1.25,300,58.15884831507342,16.772600000000004,17.938693333333337,583.0466666666666,58.193333333333335,16.772600000000004,17.938693333333337,583.0466666666666,58.193333333333335,0,1.08072,17.938693333333333,1.1660933333333334,16.7726,7.27818,0.11638666666666667,0.528117976302323,0.5108268854874682,0.03696984787583437,1.652788330041027,0.25769308128698065,25.769308128698064
B,R14,q_learning,winner_reward - 2.00 * switched,Winner reward with very strong switch penalty.,R7,0.4850090500006374,0.016853237357850007,0.4981377126415127,2.0,300,-67.37980628020354,30.344771287619707,31.45495903711895,521.34,32.276666666666664,30.344771287619707,31.45495903711895,521.34,32.276666666666664,48,1.0500071870058933,31.3695486560299,1.1240620957309184,30.24548656029898,14.689844760672704,0.06959177806525801,0.14627713748344648,0.14224966149235047,-0.0727777184932237,0.47135693663576944,0.053719482228097096,5.37194822280971
B,R14,sarsa,winner_reward - 2.00 * switched,Winner reward with very strong switch penalty.,R7,0.4850090500006374,0.016853237357850007,0.4981377126415127,2.0,300,7.945941018148145,19.46257333333335,20.623753333333337,580.59,48.95666666666666,19.46257333333335,20.623753333333337,580.59,48.95666666666666,0,1.0707666666666666,20.623753333333333,1.16118,19.462573333333335,8.491933333333334,0.09791333333333334,0.45243799465212425,0.4376075523706924,0.03260057624586497,1.231727700957301,0.23936556396256953,23.936556396256954
