stage,reward_id,formula,base_reward_type,w1,w2,w3,w4,avg_queue,avg_wait,throughput,phase_switches,switches,queue_improvement,wait_improvement,throughput_improvement,switch_penalty_score,raw_score,score_percent,comment
B,B0,winner_reward - 0.00 * switched,R7,0.4850090500006374,0.016853237357850007,0.4981377126415127,0.0,17.540359999999993,18.705050000000007,582.345,66.22166666666666,66.22166666666666,0.506517738860655,0.4899289822514404,0.035721908014086076,2.018766144962772,0.2038464555513782,20.38464555513782,Stage A winner with no added switch penalty.
A,R1,-queue_delta,R1,1.0,0.1,1.0,0.0,17.35583666666666,18.52103000000001,582.5966666666667,74.63666666666667,74.63666666666667,0.5117091369714293,0.49494705323687416,0.03616950639680344,2.4023704604163503,0.169659331321047,16.9659331321047,Queue-growth control only.
A,R2,-total_waiting_time,R1,1.0,0.1,1.0,0.0,35.785087309058426,36.68662430687225,219.48833333333334,45.34833333333333,45.34833333333333,-0.006781263345965552,-0.00041346042728375096,-0.6096319614887538,1.0672390214253151,-0.23152818394958197,-23.1528183949582,Waiting-time minimization only.
A,R3,throughput,R1,1.0,0.1,1.0,0.0,35.558221646774044,36.616285762119304,439.0816666666667,62.72833333333333,62.72833333333333,-0.0003986018727133653,0.0015046126657624753,-0.21907717663240017,1.8595198298130982,-0.22932501399057023,-22.932501399057024,Throughput maximization only.
A,R4,-queue_delta - w2 * total_waiting_time,R1,0.4850090500006374,0.016853237357850007,1.0,0.0,17.283776666666682,18.44921,582.7166666666667,71.98333333333333,71.98333333333333,0.5137364802949238,0.4969055243713917,0.03638293079121173,2.2814161981461782,0.1833917682101507,18.339176821015073,Queue control with computed waiting-time weight.
A,R5,-queue_delta + w3 * throughput,R1,0.4850090500006374,0.1,0.4981377126415127,0.0,20.85391573498964,22.010986273291937,578.2183333333332,64.32499999999999,64.32499999999999,0.41329382689340133,0.39977887415069246,0.02838248022860121,1.9323051208023094,0.13767506438312688,13.767506438312687,Queue control with computed throughput weight.
A,R6,-queue_delta - total_waiting_time + throughput,R1,1.0,1.0,1.0,0.0,30.171411558709515,31.203274017682745,392.2983333333333,69.355,69.355,0.15115445761901414,0.1491129007788475,-0.30228304817462864,2.161601580306944,-0.1565098243064755,-15.650982430647549,Unweighted full composite reward.
A,R7,-w1 * queue_delta - w2 * total_waiting_time + w3 * throughput,R1,0.4850090500006374,0.016853237357850007,0.4981377126415127,0.0,17.540359999999993,18.705050000000007,582.345,66.22166666666666,66.22166666666666,0.506517738860655,0.4899289822514404,0.035721908014086076,2.018766144962772,0.2038464555513782,20.38464555513782,Normalized full composite reward.
A,R8,-0.5 * total_queue + 2.0 * throughput - max_red_queue - switched,R1,0.4850090500006374,0.016853237357850007,0.4981377126415127,0.0,19.796522891933037,20.95584321156774,579.1533333333333,85.835,85.835,0.44304262401638705,0.4285517400539641,0.030045411968365732,2.9128551891809753,0.06336130910371618,6.336130910371618,Queue-pressure reward with fairness and switching terms.
B,R9,winner_reward - 0.10 * switched,R7,0.4850090500006374,0.016853237357850007,0.4981377126415127,0.1,17.640551509971502,18.804756182336185,582.04,65.19,65.19,0.503698940792217,0.4872100783244241,0.035179454344965014,1.971736818112749,0.2062258167043745,20.62258167043745,Winner reward with very small switch penalty.
B,R10,winner_reward - 0.25 * switched,R7,0.4850090500006374,0.016853237357850007,0.4981377126415127,0.25,17.45438666666666,18.618949999999998,582.2816666666668,63.41166666666667,63.41166666666667,0.5089365213104461,0.4922768570033473,0.035609267361481706,1.8906701109253912,0.21854019370527458,21.854019370527457,Winner reward with small switch penalty.
B,R11,winner_reward - 0.50 * switched,R7,0.4850090500006374,0.016853237357850007,0.4981377126415127,0.5,17.836053333333332,18.99987333333334,581.9100000000001,59.67166666666667,59.67166666666667,0.4981986727333254,0.4818893973431212,0.03494824458435605,1.720179304057134,0.22700694654173645,22.700694654173645,Winner reward with medium switch penalty.
B,R12,winner_reward - 1.00 * switched,R7,0.4850090500006374,0.016853237357850007,0.4981377126415127,1.0,18.433699999999995,19.596499999999985,581.4,55.94333333333333,55.94333333333333,0.4813844210059345,0.46561988878352967,0.03404119090812077,1.5502203312566478,0.23058792897174507,23.058792897174506,Winner reward with strong switch penalty.
B,R13,winner_reward - 1.25 * switched,R7,0.4850090500006374,0.016853237357850007,0.4981377126415127,1.25,20.23721410111316,21.394888817265866,577.5816666666667,50.97833333333334,50.97833333333334,0.43064417299426205,0.41657933479781817,0.02725014524715729,1.323886947272451,0.21195073743901843,21.195073743901844,Winner reward with extra strong switch penalty.
B,R14,winner_reward - 2.00 * switched,R7,0.4850090500006374,0.016853237357850007,0.4981377126415127,2.0,24.90367231047653,26.039356185226143,550.965,40.61666666666666,40.61666666666666,0.29935756606778535,0.28992860693152145,-0.020088571123679365,0.8515423187965353,0.1465425230953333,14.654252309533332,Winner reward with very strong switch penalty.
